"UNITID","d1_id","school_name","address","state","total_assets","gifts","capital_grants_gifts","research_spent","discounts_to_tuiton"
200800,2,"University of Akron Main Campus","302 Buchtel Common, Akron, Ohio","Ohio",200596835,18926198,3473077,21624224,39291411
100751,3,"The University of Alabama","739 University Blvd, Tuscaloosa, Alabama","Alabama",725759658,54380178,75191053,87882725,275547610
197869,4,"Appalachian State University","287 Rivers St, Boone, North Carolina","North Carolina",179419525,20529958,8781743,5563648,31390087
104179,5,"University of Arizona","1401 E University Blvd, Tucson, Arizona","Arizona",505400000,88956000,85677000,548629000,267055000
104151,6,"Arizona State University Campus Immersion","University Drive and Mill Avenue, Tempe, Arizona","Arizona",615874000,76803000,27724000,390674000,462730000
106397,7,"University of Arkansas","1125 W Maple St, Administration Bldg 425, Fayetteville, Arkansas","Arkansas",615160306,84468279,32852948,164914624,81823058
106458,8,"Arkansas State University","2105 East, Aggie Road, Jonesboro, Arkansas","Arkansas",55728483,2593269,173462,12022714,39365713
100858,9,"Auburn University",", Auburn, Alabama","Alabama",475539565,42495971,14533281,220256565,122754700
150136,10,"Ball State University","2000 W. University Ave, Muncie, Indiana","Indiana",220317042,13847099,1678487,11790248,82683812
142115,11,"Boise State University","1910 University Dr, Boise, Idaho","Idaho",179264963,35465134,7351466,45281423,27777200
201441,12,"Bowling Green State University-Main Campus","220 McFall Ctr, Bowling Green, Ohio","Ohio",243152119,0,5636443,11086049,65390107
196088,13,"University at Buffalo","12 Capen Hall, Buffalo, New York","New York",537126884,28747525,17272633,154385418,103350600
110635,14,"University of California-Berkeley","200 California Hall, Berkeley, California","California",NA,326789000,67088000,692475106,214988712
169248,15,"Central Michigan University","106 Warriner Hall, Mount Pleasant, Michigan","Michigan",112266426,13985600,3244809,18361867,58984591
199139,16,"University of North Carolina at Charlotte","9201 University City Blvd, Charlotte, North Carolina","North Carolina",369214108,12428643,39370847,32223572,57717755
201885,17,"University of Cincinnati-Main Campus","2624 Clifton Avenue, Cincinnati, Ohio","Ohio",333944565,58865824,9492492,200271498,102691189
217882,18,"Clemson University","201 Sikes Hall, Clemson, South Carolina","South Carolina",631840875,74004226,19618843,220761727,106573415
218724,19,"Coastal Carolina University","103 Tom Trout Drive, Conway, South Carolina","South Carolina",101121394,2798112,1218115,1692130,48084102
126614,20,"University of Colorado Boulder","Regent Drive at Broadway, Boulder, Colorado","Colorado",951223450,81462562,5868035,442824071,143620446
126818,21,"Colorado State University-Fort Collins","102 Administration Building, Fort Collins, Colorado","Colorado",415543753,53810526,22233701,263687610,134211089
129020,22,"University of Connecticut","352 Mansfield Road, Storrs, Connecticut","Connecticut",956640444,28721782,2275601,174969960,262298464
198464,23,"East Carolina University","East 5th Street, Greenville, North Carolina","North Carolina",341912285,12442119,21085725,42405504,49860716
169798,24,"Eastern Michigan University","900 Oakwood St., Ypsilanti, Michigan","Michigan",55089572,8753703,1071541,8516762,55978588
133669,25,"Florida Atlantic University","777 Glades Rd, Administration Bldg., Room 339, Boca Raton, Florida","Florida",382862613,0,817881,76119979,85605807
133951,26,"Florida International University","11200 S. W. 8 Street, Miami, Florida","Florida",541293415,24228254,1083497,173010165,193887705
134130,27,"University of Florida","Tigert Hall, Gainesville, Florida","Florida",1921021000,185017000,14640000,786883000,254267000
134097,28,"Florida State University","222 S. Copeland Street, Tallahassee, Florida","Florida",843215079,85687819,3645269,205539807,194735951
110556,29,"California State University-Fresno","5241 N Maple Ave, Fresno, California","California",104237961,5758688,1472450,3377601,112152620
139959,30,"University of Georgia","Administration Building, Athens, Georgia","Georgia",469882454,67587587,20266719,470593530,152115813
139931,31,"Georgia Southern University","1332 Southern Drive, Statesboro, Georgia","Georgia",94801498,9441391,3816896,12762317,43917712
139940,32,"Georgia State University","33 Gilmer St, Atlanta, Georgia","Georgia",353939156,20032,11690007,195327935,79742828
139755,33,"Georgia Institute of Technology-Main Campus","225 North Ave, Atlanta, Georgia","Georgia",561111306,1961573,13870824,1009289463,47469979
225511,34,"University of Houston","4302 University Drive, Room 212, Houston, Texas","Texas",1038257742,68134881,0,195840522,149328752
145637,35,"University of Illinois Urbana-Champaign","601 E John Street, Champaign, Illinois","Illinois",907251427,161697031,5030433,635184456,257125484
151351,36,"Indiana University-Bloomington","107 South Indiana Ave., Bloomington, Indiana","Indiana",444275718,91180956,8533516,140302393,200247661
153658,37,"University of Iowa","101 Jessup Hall, Iowa City, Iowa","Iowa",892398000,115774000,10277000,417622000,112251000
153603,38,"Iowa State University","1750 Beardshear Hall, Ames, Iowa","Iowa",369245376,58012853,19134004,172634978,153136715
155317,39,"University of Kansas","Strong Hall, 1450 Jayhawk Blvd, Room 230, Lawrence, Kansas","Kansas",501060104,65327100,12795434,331829748,31221754
155399,40,"Kansas State University","919 Mid-Campus Drive, Anderson Hall, Manhattan, Kansas","Kansas",311125556,0,35380713,207220425,44684292
203517,41,"Kent State University at Kent","Executive Office, 2nd Floor Library, Kent, Ohio","Ohio",385172000,1116509,0,24242220,77997591
157085,42,"University of Kentucky","South Limestone, Lexington, Kentucky","Kentucky",1539068569,54999713,35584364,342213707,189869440
159647,43,"Louisiana Tech University","1310 West Railroad Avenue, Ruston, Louisiana","Louisiana",56760782,12844636,0,23727403,37528633
160658,44,"University of Louisiana at Lafayette","104 University Circle, Lafayette, Louisiana","Louisiana",61012239,4696056,1923848,68358134,33509062
159993,45,"University of Louisiana at Monroe","700 University Avenue, Monroe, Louisiana","Louisiana",35577653,1564861,71754,7408400,16248251
157289,46,"University of Louisville","2301 S 3rd St, Louisville, Kentucky","Kentucky",261092000,37331000,5637000,158858000,98618000
159391,47,"Louisiana State University and Agricultural & Mechanical College","156 Thomas Boyd Hall, Baton Rouge, Louisiana","Louisiana",501796254,58797199,46637937,219397803,101668659
237525,48,"Marshall University","1 John Marshall Dr, Huntington, West Virginia","West Virginia",89091931,1016215,5467404,17803099,41949222
163286,49,"University of Maryland-College Park",", College Park, Maryland","Maryland",904047130,29931312,21793202,499861309,116349482
166629,50,"University of Massachusetts-Amherst","374 Whitmore Building 181 Presidents Drive, Amherst, Massachusetts","Massachusetts",358881000,18880549,1807534,150832685,160428858
220862,51,"University of Memphis","Alumni Avenue, Memphis, Tennessee","Tennessee",40388290,22416560,11307240,72143876,75353104
204024,52,"Miami University-Oxford","501 East High St, Oxford, Ohio","Ohio",740363380,30727535,1860736,16083168,101621757
170976,53,"University of Michigan-Ann Arbor","1109 Geddes Avenue, Ann Arbor, Michigan","Michigan",3955459000,175767000,13004000,954883000,434326000
171100,54,"Michigan State University",", East Lansing, Michigan","Michigan",826489942,41203774,30306127,458135505,173617203
220978,55,"Middle Tennessee State University","1301 East Main Street, Murfreesboro, Tennessee","Tennessee",85506833,4107442,4641014,9770746,68052225
174066,56,"University of Minnesota-Twin Cities","100 Church Street SE, Minneapolis, Minnesota","Minnesota",1126996435,180850973,25836845,894046193,267340467
176080,57,"Mississippi State University","Lee Boulevard, Mississippi State, Mississippi","Mississippi",326522263,55424332,9268200,190862428,113773593
178396,58,"University of Missouri-Columbia","105 Jesse Hall, Columbia, Missouri","Missouri",1275078205,39427819,18149265,177805695,145978541
199193,59,"North Carolina State University at Raleigh","2101 Hillsborough Street, Raleigh, North Carolina","North Carolina",476358676,79578447,85971170,348223123,104106056
181464,60,"University of Nebraska-Lincoln","1400 R Street, Lincoln, Nebraska","Nebraska",527807866,65737130,27413439,224064658,116550604
182290,61,"University of Nevada-Reno","1664 North Virginia Street, Reno, Nevada","Nevada",251464996,22119141,14574747,100033145,59191722
187985,62,"University of New Mexico-Main Campus","1700 Lomas Blvd NE, Albuquerque, New Mexico","New Mexico",1439756945,33567403,0,205268397,76761132
188030,63,"New Mexico State University-Main Campus","2850 Weddell Street, Las Cruces, New Mexico","New Mexico",166478340,6585402,2208471,97977394,41669584
199120,64,"University of North Carolina at Chapel Hill","103 South Bldg Cb 9100, Chapel Hill, North Carolina","North Carolina",1734944473,162185250,20629312,662803984,142579450
227216,65,"University of North Texas","1501 W.Chestnut Ave., Denton, Texas","Texas",356048075,16839965,282992,88204388,120472711
147703,66,"Northern Illinois University","1425 W. Lincoln Hwy., Dekalb, Illinois","Illinois",125814349,0,341780,20798646,48480262
204857,67,"Ohio University-Main Campus","020 Chubb Hall, Athens, Ohio","Ohio",454790253,0,10428838,45880333,67948997
204796,68,"Ohio State University-Main Campus","15 E. 15th Avenue, Columbus, Ohio","Ohio",4698108889,155189861,77425380,574294773,226342240
207500,69,"University of Oklahoma-Norman Campus","660 Parrington Oval, Norman, Oklahoma","Oklahoma",303011000,58403000,20671000,177673000,112033000
207388,70,"Oklahoma State University-Main Campus","107 Whitehurst, Stillwater, Oklahoma","Oklahoma",250809807,38201676,110714455,145772947,113059752
232982,71,"Old Dominion University","5115 Hampton Blvd, Norfolk, Virginia","Virginia",139678882,16331486,155454,19024952,40056247
176017,72,"University of Mississippi","Oxford, Mississippi, University, Mississippi","Mississippi",988815115,15603605,12734948,122014947,120210607
209551,73,"University of Oregon","110 Johnson Hall, Eugene, Oregon","Oregon",238927921,101532013,398019624,91984616,85657866
209542,74,"Oregon State University","1500 SW Jefferson Avenue, Corvallis, Oregon","Oregon",408805771,53806794,86804620,208794819,86906816
214777,75,NA,NA,NA,NA,NA,NA,NA,NA
243780,76,"Purdue University-Main Campus","Hovde Hall of Administration, West Lafayette, Indiana","Indiana",761765215,76342948,41014409,335217852,92130743
186380,77,"Rutgers University-New Brunswick","83 Somerset St, New Brunswick, New Jersey","New Jersey",1063367000,37686000,20850000,603919000,190502000
122409,78,"San Diego State University","5500 Campanile Dr, San Diego, California","California",446177321,16002447,6774620,7326203,133970995
122755,79,"San Jose State University","One Washington Square, San Jose, California","California",222926633,4037227,2671480,1509336,108926269
102094,80,"University of South Alabama","307 N University Blvd, Mobile, Alabama","Alabama",355235000,14688000,6631000,39373000,38995000
218663,81,"University of South Carolina-Columbia","Columbia-Campus, Columbia, South Carolina","South Carolina",800952094,38834771,8352529,156592463,275545841
137351,82,"University of South Florida","4202 East Fowler Ave, Tampa, Florida","Florida",828088878,25932241,15551433,350860908,149922700
176372,83,"University of Southern Mississippi","118 College Drive # 0001, Hattiesburg, Mississippi","Mississippi",132655185,1061227,788086,56631362,44143998
221759,84,"The University of Tennessee-Knoxville","527 Andy Holt Tower, Knoxville, Tennessee","Tennessee",245997476,11003082,13647088,286342541,153205452
228778,85,"The University of Texas at Austin","110 Inner Campus Drive, Austin, Texas","Texas",1710757268,311415642,78093701,668799542,191117831
228723,86,"Texas A & M University-College Station","1246 TAMU, College Station, Texas","Texas",1225533698,129426061,3591071,978864830,179395686
228459,87,"Texas State University","601 University Dr, San Marcos, Texas","Texas",522380621,10862834,212923,68421394,115477827
229115,88,"Texas Tech University","Broadway and University Avenue, Lubbock, Texas","Texas",267084545,47761316,23472464,198766869,111490717
206084,89,"University of Toledo","2801 W Bancroft, Toledo, Ohio","Ohio",223671930,5185646,1453071,42859719,82685575
100663,90,"University of Alabama at Birmingham","Administration Bldg Suite 1070, Birmingham, Alabama","Alabama",2275161243,18705016,1854223,302659583,85456029
132903,91,"University of Central Florida","4000 Central Florida Blvd, Orlando, Florida","Florida",623245054,31393185,1772786,186785744,221585494
110662,92,"University of California-Los Angeles","405 Hilgard Ave, Los Angeles, California","California",NA,364683000,34593000,961400331,231788389
182281,93,"University of Nevada-Las Vegas","4505 S Maryland Pky, Las Vegas, Nevada","Nevada",408086000,24419000,0,48631000,82176000
230764,94,"University of Utah","201 Presidents Circle, ROOM 201, Salt Lake City, Utah","Utah",2648916000,165736000,12190000,396984000,108272000
230728,95,"Utah State University","Old Main Hill, Logan, Utah","Utah",256423232,21530594,7175623,244837854,88224115
228796,96,"The University of Texas at El Paso","500 W. University Ave, El Paso, Texas","Texas",172166188,5647890,191976,107243446,58427113
229027,97,"The University of Texas at San Antonio","One UTSA Circle, San Antonio, Texas","Texas",231269647,5814101,11333416,120678676,101242363
234076,98,"University of Virginia-Main Campus","1827 University Avenue, Charlottesville, Virginia","Virginia",1019937273,204838762,43509804,523690834,149503692
233921,99,"Virginia Polytechnic Institute and State University","210 Burruss Hall, 800 Drillfield Dr., Blacksburg, Virginia","Virginia",307742805,71641480,101029776,395604668,125936172
236948,100,"University of Washington-Seattle Campus","1400 NE Campus Parkway, Seattle, Washington","Washington",2029039455,219541933,179089437,905725549,198768748
236939,101,"Washington State University","French Administration Building, Pullman, Washington","Washington",250219388,39535338,2150880,239526813,151929389
238032,102,"West Virginia University","PO Box 6201, Morgantown, West Virginia","West Virginia",306798604,121979714,16088078,140682145,85146542
157951,103,"Western Kentucky University","1906 College Heights Blvd, Bowling Green, Kentucky","Kentucky",125493085,0,0,7728127,66165773
172699,104,"Western Michigan University","1903 W Michigan Ave, Kalamazoo, Michigan","Michigan",129208678,30446337,1002896,17691507,61492115
240444,105,"University of Wisconsin-Madison","500 Lincoln Dr, Madison, Wisconsin","Wisconsin",1479917178,328630309,14700392,1097886371,164401227
240727,106,"University of Wyoming","Corner of Ninth and Ivinson, Laramie, Wyoming","Wyoming",372540000,25471000,8307000,104370000,41212000
